<?xml version="1.0"?>
<!--
/**
 * Copyright © 2016 Magento. All rights reserved.
 * See COPYING.txt for license details.
 */
-->

<config xmlns:xsi="http://www.w3.org/2001/XMLSchema-instance" xsi:noNamespaceSchemaLocation="urn:magento:framework:ObjectManager/etc/config.xsd">
    <!-- Payment Method Facade configuration -->
    <virtualType name="NovaTwoPayFacade" type="Magento\Payment\Model\Method\Adapter">
        <arguments>
            <argument name="code" xsi:type="const">\Magento\NovaTwoPay\Model\Ui\ConfigProvider::CODE</argument>
            <argument name="formBlockType" xsi:type="string">Magento\Payment\Block\Form</argument>
            <argument name="infoBlockType" xsi:type="string">Magento\NovaTwoPay\Block\Info</argument>
            <argument name="valueHandlerPool" xsi:type="object">NovaTwoPayValueHandlerPool</argument>
            <argument name="commandPool" xsi:type="object">NovaTwoPayCommandPool</argument>
        </arguments>
    </virtualType>

    <!-- Configuration reader -->
    <virtualType name="NovaTwoPayConfig" type="Magento\Payment\Gateway\Config\Config">
        <arguments>
            <argument name="methodCode" xsi:type="const">\Magento\NovaTwoPay\Model\Ui\ConfigProvider::CODE</argument>
        </arguments>
    </virtualType>

    <!-- Logger, initialized with NovaTwoPayConfig -->
    <virtualType name="NovaTwoPayLogger" type="Magento\Payment\Model\Method\Logger">
        <arguments>
            <argument name="config" xsi:type="object">NovaTwoPayConfig</argument>
        </arguments>
    </virtualType>

    <type name="Magento\NovaTwoPay\Gateway\Http\Client\ClientMock">
        <arguments>
            <argument name="logger" xsi:type="object">NovaTwoPayLogger</argument>
        </arguments>
    </type>

    <!-- Commands infrastructure -->
    <virtualType name="NovaTwoPayCommandPool" type="Magento\Payment\Gateway\Command\CommandPool">
        <arguments>
            <argument name="commands" xsi:type="array">
                <item name="authorize" xsi:type="string">NovaTwoPayAuthorizeCommand</item>
                <item name="capture" xsi:type="string">NovaTwoPayCaptureCommand</item>
                <item name="void" xsi:type="string">NovaTwoPayVoidCommand</item>
            </argument>
        </arguments>
    </virtualType>

    <!-- Authorize command -->
    <virtualType name="NovaTwoPayAuthorizeCommand" type="Magento\Payment\Gateway\Command\GatewayCommand">
        <arguments>
            <argument name="requestBuilder" xsi:type="object">NovaTwoPayAuthorizationRequest</argument>
            <argument name="handler" xsi:type="object">NovaTwoPayResponseHandlerComposite</argument>
            <argument name="transferFactory" xsi:type="object">Magento\NovaTwoPay\Gateway\Http\TransferFactory</argument>
            <argument name="client" xsi:type="object">Magento\NovaTwoPay\Gateway\Http\Client\ClientMock</argument>
        </arguments>
    </virtualType>

    <!-- Authorization Request -->
    <virtualType name="NovaTwoPayAuthorizationRequest" type="Magento\Payment\Gateway\Request\BuilderComposite">
        <arguments>
            <argument name="builders" xsi:type="array">
                <item name="transaction" xsi:type="string">Magento\NovaTwoPay\Gateway\Request\AuthorizationRequest</item>
                <item name="mockData" xsi:type="string">Magento\NovaTwoPay\Gateway\Request\MockDataRequest</item>
            </argument>
        </arguments>
    </virtualType>
    <type name="Magento\NovaTwoPay\Gateway\Request\AuthorizationRequest">
        <arguments>
            <argument name="config" xsi:type="object">NovaTwoPayConfig</argument>
        </arguments>
    </type>

    <!-- Capture command -->
    <virtualType name="NovaTwoPayCaptureCommand" type="Magento\Payment\Gateway\Command\GatewayCommand">
        <arguments>
            <argument name="requestBuilder" xsi:type="object">Magento\NovaTwoPay\Gateway\Request\CaptureRequest</argument>
            <argument name="handler" xsi:type="object">Magento\NovaTwoPay\Gateway\Response\TxnIdHandler</argument>
            <argument name="transferFactory" xsi:type="object">Magento\NovaTwoPay\Gateway\Http\TransferFactory</argument>
            <argument name="validator" xsi:type="object">Magento\NovaTwoPay\Gateway\Validator\ResponseCodeValidator</argument>
            <argument name="client" xsi:type="object">Magento\NovaTwoPay\Gateway\Http\Client\ClientMock</argument>
        </arguments>
    </virtualType>

    <!-- Capture Request -->
    <type name="Magento\NovaTwoPay\Gateway\Request\CaptureRequest">
        <arguments>
            <argument name="config" xsi:type="object">NovaTwoPayConfig</argument>
        </arguments>
    </type>

    <!-- Void command -->
    <virtualType name="NovaTwoPayVoidCommand" type="Magento\Payment\Gateway\Command\GatewayCommand">
        <arguments>
            <argument name="requestBuilder" xsi:type="object">Magento\NovaTwoPay\Gateway\Request\VoidRequest</argument>
            <argument name="handler" xsi:type="object">Magento\NovaTwoPay\Gateway\Response\TxnIdHandler</argument>
            <argument name="transferFactory" xsi:type="object">Magento\NovaTwoPay\Gateway\Http\TransferFactory</argument>
            <argument name="validator" xsi:type="object">Magento\NovaTwoPay\Gateway\Validator\ResponseCodeValidator</argument>
            <argument name="client" xsi:type="object">Magento\NovaTwoPay\Gateway\Http\Client\ClientMock</argument>
        </arguments>
    </virtualType>

    <!-- Void Request -->
    <type name="Magento\NovaTwoPay\Gateway\Request\VoidRequest">
        <arguments>
            <argument name="config" xsi:type="object">NovaTwoPayConfig</argument>
        </arguments>
    </type>

    <!-- Response handlers -->
    <virtualType name="NovaTwoPayResponseHandlerComposite" type="Magento\Payment\Gateway\Response\HandlerChain">
        <arguments>
            <argument name="handlers" xsi:type="array">
                <item name="txnid" xsi:type="string">Magento\NovaTwoPay\Gateway\Response\TxnIdHandler</item>
                <item name="fraud" xsi:type="string">Magento\NovaTwoPay\Gateway\Response\FraudHandler</item>
            </argument>
        </arguments>
    </virtualType>

    <!-- Value handlers infrastructure -->
    <virtualType name="NovaTwoPayValueHandlerPool" type="Magento\Payment\Gateway\Config\ValueHandlerPool">
        <arguments>
            <argument name="handlers" xsi:type="array">
                <item name="default" xsi:type="string">NovaTwoPayConfigValueHandler</item>
            </argument>
        </arguments>
    </virtualType>
    <virtualType name="NovaTwoPayConfigValueHandler" type="Magento\Payment\Gateway\Config\ConfigValueHandler">
        <arguments>
            <argument name="configInterface" xsi:type="object">NovaTwoPayConfig</argument>
        </arguments>
    </virtualType>

    <type name="Magento\NovaTwoPay\Block\Info">
        <arguments>
            <argument name="config" xsi:type="object">NovaTwoPayConfig</argument>
        </arguments>
    </type>

</config>
